time_s,lap,ax_g,ay_g,az_g,yaw_rate_dps,roll_rate_dps,pitch_rate_dps,speed_gps_kmh,wheelspd_FL_kmh,wheelspd_FR_kmh,wheelspd_RL_kmh,wheelspd_RR_kmh,steer_deg,throttle_pct,brake_pres_F_bar,brake_pres_R_bar,damper_FL_mm,damper_FR_mm,damper_RL_mm,damper_RR_mm,pushrod_FL_N,pushrod_FR_N,pushrod_RL_N,pushrod_RR_N,rpm,gear,map_kpa,lambda,coolant_C,oil_pres_bar,tyre_temp_FL_in_C,tyre_temp_FL_mid_C,tyre_temp_FL_out_C,tyre_temp_FR_in_C,tyre_temp_FR_mid_C,tyre_temp_FR_out_C,tyre_temp_RL_in_C,tyre_temp_RL_mid_C,tyre_temp_RL_out_C,tyre_temp_RR_in_C,tyre_temp_RR_mid_C,tyre_temp_RR_out_C,tyre_pres_FL_bar,tyre_pres_FR_bar,tyre_pres_RL_bar,tyre_pres_RR_bar,batt_V
0.00,1,-1.35,0.05,1.01,2,1,-6,92.4,92.1,92.3,91.8,91.9,3,0,46,30,38,37,31,30,540,560,700,710,7200,3,42,0.95,88,4.2,74,70,66,73,69,65,78,74,70,77,73,69,1.05,1.06,1.10,1.10,13.6
0.05,1,-1.28,0.22,1.02,8,4,-5,90.1,89.6,90.0,89.2,89.4,9,0,44,29,40,38,31,29,520,600,690,740,7050,3,41,0.96,88,4.2,74,70,66,73,69,65,78,74,70,77,73,69,1.05,1.06,1.10,1.10,13.6
0.10,1,-0.95,0.68,1.03,18,9,-3,86.7,86.0,86.6,85.3,85.7,19,0,34,22,43,36,32,27,470,660,680,780,6950,3,40,0.97,88,4.3,75,71,67,74,70,66,79,75,71,78,74,70,1.05,1.07,1.11,1.11,13.5
0.15,1,-0.55,1.05,1.04,27,11,-1,83.9,83.1,83.8,82.2,82.7,27,0,20,13,45,34,34,25,430,720,660,840,6880,3,40,0.98,89,4.3,76,72,68,75,71,67,80,76,72,79,75,71,1.05,1.07,1.12,1.12,13.5
0.20,1,-0.15,1.38,1.05,34,9,0,82.0,81.2,82.0,80.1,80.7,31,5,4,2,47,32,36,23,400,780,630,900,6850,3,45,0.99,89,4.3,77,73,69,76,72,68,82,78,73,81,77,72,1.05,1.08,1.13,1.13,13.5
0.25,1,0.05,1.47,1.05,36,4,1,81.6,80.7,81.6,80.0,81.4,32,18,0,0,47,31,37,22,395,795,615,915,6900,3,58,0.98,89,4.3,78,74,70,77,73,69,83,79,74,82,78,73,1.05,1.08,1.13,1.14,13.4
0.30,1,0.35,1.44,1.05,35,-2,2,82.3,81.2,82.1,81.1,82.9,30,42,0,0,46,31,38,23,405,785,650,905,7300,3,74,0.97,89,4.3,78,74,70,77,73,69,84,80,75,83,79,74,1.05,1.08,1.13,1.14,13.4
0.35,1,0.62,1.30,1.05,31,-6,3,84.1,82.8,83.6,83.3,85.4,25,68,0,0,44,32,40,25,430,760,690,870,7850,3,88,0.95,90,4.3,78,74,70,77,73,69,85,81,76,84,80,75,1.05,1.08,1.13,1.14,13.4
0.40,1,0.80,1.02,1.04,24,-8,3,86.8,85.3,85.9,86.6,88.3,18,85,0,0,42,34,42,28,470,720,730,820,8400,3,96,0.93,90,4.4,77,73,69,76,72,68,85,81,76,84,80,75,1.04,1.07,1.13,1.14,13.3
0.45,1,0.88,0.64,1.03,15,-6,2,89.9,88.4,88.8,90.4,92.1,11,95,0,0,40,36,40,30,520,680,740,780,8950,3,99,0.92,90,4.4,76,72,68,75,71,67,84,80,75,83,79,74,1.03,1.06,1.12,1.13,13.3
